{
  "AAPL": 0.09082901035644281,
  "MSFT": 0.03581204944177356,
  "GOOGL": 0.23953286164034032,
  "AMZN": 0.05613579599002821,
  "NVDA": 0.0850645523489905,
  "JPM": 0.11709760631104274,
  "GS": 0.04208940377314251,
  "BAC": 0.010109321867609194,
  "JNJ": 0.10164969775530315,
  "PFE": 0.12390896296467298,
  "XOM": 0.07318228601246668,
  "CVX": 0.02458845153818744
}