{
  "Expected Return": 0.1732520846694919,
  "Volatility": 0.13999883932150917,
  "Sharpe Ratio": 1.9956011495139148,
  "Max Drawdown": -0.13952106401955677,
  "Value at Risk (95%)": -0.023470028592963293,
  "CVaR (95%)": -0.03631296187218234,
  "Sortino Ratio": 2.4253439465033084,
  "Calmar Ratio": 1.8183567995380423
}